"read.id";"c10_ctrl";"pLAM_4qB_low_pid";"c4_ctrl";"CLUHP4_201_exon1";"A_D4F104S1_4qA";"B_D4F104S1_4qB";"c10_D4F104S1_10qA";"A_pLAM_4qA";"B_pLAM_4qB";"c10_pLAM";"DUX4_end";"RU_count";"S_or_L";"status";"repeat_sequence";"PAS.seq";"PAS.type";"warning"
"0155002d-c4e7-4895-88e4-91e27e8d5732";NA;NA;NA;100;100;99,387;97,342;NA;NA;NA;NA;5;"";"partial";"end_9328bp - CLUHP4-201_exon1 - 4qA_D4F104S1 - c4 - c4 - c4 - c4 - c4";NA;NA;NA
"145e5c23-3cc5-4755-9a60-8a3f833fd172";NA;NA;NA;NA;NA;NA;NA;97,942;NA;96,296;NA;4;"S";"partial";"c4 - c4 - c4 - c4S - 4qA_pLAM";"ATTAAA";"4qA_PAS";NA
"7a9206f8-2ab2-4b2a-bd22-abd543c7e290";NA;NA;NA;99,476;87,8;87,2;85,2;NA;NA;NA;NA;4;"";"partial";"CLUHP4-201_exon1 - 4qA_D4F104S1 - c4 - c4 - c4 - c4";NA;NA;NA
"7aa580e3-1999-43bc-ada5-75ca3202b37f";NA;NA;NA;NA;NA;NA;NA;98,755;NA;97,095;NA;4;"S";"partial";"4qA_pLAM - c4S - c4 - c4 - c4";"ATTAAA";"4qA_PAS";NA
"cb5bc5a1-fdde-4054-aac3-2722f159220d";NA;NA;NA;98,438;87,945;87,352;86,166;NA;NA;NA;NA;4;"";"partial";"c4 - c4 - c4 - c4 - 4qA_D4F104S1 - CLUHP4-201_exon1";NA;NA;NA
"fa90d9f6-f265-4758-b9b5-4ccb4b051aaf";NA;NA;NA;NA;NA;NA;NA;99,17;NA;97,51;NA;4;"S";"partial";"c4 - c4 - c4 - c4S - 4qA_pLAM";"ATTAAA";"4qA_PAS";NA
"fffe082c-2afb-4641-aed4-fd824597d339";NA;NA;NA;NA;97,984;97,379;95,363;NA;NA;NA;NA;4;"";"partial";"c4 - c4 - c4 - c4 - 4qA_D4F104S1";NA;NA;NA
"05d75827-20bb-49bf-a6b0-7a6ab4bee1ec";NA;NA;NA;96,354;93,915;93,509;91,684;NA;NA;NA;NA;3;"";"partial";"end_8991bp - CLUHP4-201_exon1 - 4qA_D4F104S1 - c4 - c4 - c4";NA;NA;NA
"50b6f27b-b231-4053-a2fd-92767c75e60a";NA;NA;NA;NA;NA;NA;NA;99,17;NA;97,51;NA;3;"S";"partial";"c4 - c4 - c4S - 4qA_pLAM";"ATTAAA";"4qA_PAS";NA
"f74542e5-3956-4a6e-8b1e-f5c5a3688a02";NA;NA;NA;NA;98,98;98,367;96,327;NA;NA;NA;NA;3;"";"partial";"c4 - c4 - c4 - 4qA_D4F104S1";NA;NA;NA
"009ca692-534f-4a35-b2cf-2771cd3a07c7";NA;NA;NA;NA;NA;NA;NA;96,708;NA;95,473;NA;2;"S";"partial";"c4 - c4S - 4qA_pLAM";"ATTTGA";"PAS_disrupted";NA
"08519026-c2e7-40cc-8259-b558ee5fd603";NA;NA;NA;95,789;98,975;98,361;96,311;NA;NA;NA;NA;2;"";"partial";"end_12721bp - CLUHP4-201_exon1 - 4qA_D4F104S1 - c4 - c4";NA;NA;NA
"0eecd75d-c756-47c1-a3c4-5e0423e436bc";NA;NA;NA;NA;NA;NA;NA;99,174;NA;97,521;NA;2;"S";"partial";"4qA_pLAM - c4S - c4";"ATTAAA";"4qA_PAS";NA
"25e9549a-ca2b-4e1c-a454-742d84e25e1f";NA;NA;NA;NA;NA;NA;NA;97,881;NA;96,186;NA;2;"S";"partial";"end_8493bp - 4qA_pLAM - c4S - c4";"ATTAAA";"4qA_PAS";NA
"3e32dc8e-eb61-4d7f-95f1-23042433cb94";NA;NA;NA;NA;NA;NA;NA;96,281;NA;95,041;NA;2;"S";"partial";"c4 - c4S - 4qA_pLAM";"ATTAAA";"4qA_PAS";NA
"4622bfab-3fd1-4c40-81aa-6702d3b994f3";NA;NA;NA;NA;NA;NA;NA;98,765;NA;97,119;99;2;"S";"partial";"c4 - c4S - 4qA_pLAM - DUX4_end";"ATTAAA";"4qA_PAS";NA
"5b440c49-0fb3-4c24-b1ef-332dd34f479f";NA;NA;NA;NA;NA;NA;NA;97,154;NA;95,935;NA;2;"S";"partial";"c4 - c4S - 4qA_pLAM";"ATTAAA";"4qA_PAS";NA
"6179984d-757a-4505-b6f8-93205915dc4c";NA;NA;NA;NA;NA;NA;NA;95,51;NA;94,694;94,059;2;"S";"partial";"c4 - c4S - 4qA_pLAM - DUX4_end";"ATCAAA";"10qA_PAS";NA
"651df600-306b-4efe-b892-5ef64dd6c6f1";NA;NA;NA;98,953;97,374;96,768;95,152;NA;NA;NA;NA;2;"";"partial";"c4 - c4 - 4qA_D4F104S1 - CLUHP4-201_exon1";NA;NA;NA
"68e0abdb-65f2-4950-aa4a-2dee4924e253";NA;NA;NA;NA;99,58;98,95;96,849;NA;NA;NA;NA;2;"";"partial";"c4 - c4 - 4qA_D4F104S1";NA;NA;NA
"7b34d22c-8bbb-4a2f-b7ed-68b08064078b";NA;NA;NA;100;99,592;98,98;96,939;NA;NA;NA;NA;2;"";"partial";"end_7290bp - CLUHP4-201_exon1 - 4qA_D4F104S1 - c4 - c4";NA;NA;NA
"ad0c7a19-5141-4654-b199-cabf01f1f8e7";NA;NA;NA;NA;98,377;97,769;95,74;NA;NA;NA;NA;2;"";"partial";"c4 - c4 - 4qA_D4F104S1";NA;NA;NA
"ad0f9ec6-7124-408a-a042-1e838f5377ab";NA;NA;NA;100;96,97;96,364;94,343;NA;NA;NA;NA;2;"";"partial";"end_10656bp - CLUHP4-201_exon1 - 4qA_D4F104S1 - c4 - c4";NA;NA;NA
"b10f1818-f5c2-45a6-90ce-b55520f675f4";NA;NA;NA;NA;NA;NA;NA;96;NA;94,222;NA;2;"S";"partial";"c4 - c4S - 4qA_pLAM";"ATTAAA";"4qA_PAS";NA
"b4356aa8-1e21-4fff-9dc4-f809efd2a0c4";NA;NA;NA;NA;NA;NA;NA;98,739;NA;97,059;99,007;2;"S";"partial";"c4 - c4S - 4qA_pLAM - DUX4_end";"ATTAAA";"4qA_PAS";NA
"c82ead8c-7319-4b0b-9db0-d517cc2d283b";NA;NA;NA;NA;NA;NA;NA;98,76;NA;97,107;100;2;"S";"partial";"end_9869bp - DUX4_end - 4qA_pLAM - c4S - c4";"ATTAAA";"4qA_PAS";NA
"e5067e30-4846-42ae-8610-9722b3d3e634";NA;NA;NA;NA;NA;NA;NA;90,377;NA;88,703;NA;2;"S";"partial";"4qA_pLAM - c4S - c4";"ATTAAA";"4qA_PAS";NA
"e749114b-7e2b-4b0b-b8a0-d3e61d1ada04";NA;NA;NA;95,833;97,561;96,951;94,919;NA;NA;NA;NA;2;"";"partial";"end_5435bp - CLUHP4-201_exon1 - 4qA_D4F104S1 - c4 - c4";NA;NA;NA
"f2013ff3-6921-46e2-ba5b-70388ee0664a";NA;NA;NA;100;97,571;96,964;94,939;NA;NA;NA;NA;2;"";"partial";"end_13828bp - CLUHP4-201_exon1 - 4qA_D4F104S1 - c4 - c4";NA;NA;NA
"030e9574-382a-4f4a-ae41-10671b6d371d";NA;NA;NA;100;98,569;97,955;95,91;NA;NA;NA;NA;1;"";"partial";"c4 - 4qA_D4F104S1 - CLUHP4-201_exon1";NA;NA;NA
"0deb746a-5fdb-4330-91b6-0906aabce0d4";NA;NA;NA;NA;NA;NA;NA;99,585;NA;97,925;NA;1;"S";"partial";"end_8644bp - 4qA_pLAM - c4S";"ATTAAA";"4qA_PAS";NA
"11c4a41e-95f9-4e59-9ff4-543566a073f0";NA;NA;NA;94,375;83,164;82,556;81,542;NA;NA;NA;NA;1;"";"partial";"CLUHP4-201_exon1 - 4qA_D4F104S1 - c4";NA;NA;NA
"23f3b02f-4f62-48ac-a99a-53b1c1edaf3c";NA;NA;NA;100;97,336;96,721;94,672;NA;NA;NA;NA;1;"";"partial";"end_9301bp - CLUHP4-201_exon1 - 4qA_D4F104S1 - c4";NA;NA;NA
"42cc0575-868a-4bb0-82a6-0265c2259e4a";NA;NA;NA;98,454;95,519;94,908;92,872;NA;NA;NA;NA;1;"";"partial";"c4 - 4qA_D4F104S1 - CLUHP4-201_exon1";NA;NA;NA
"5d3cfbf1-30e7-4803-a8ac-3ac7f4ce306f";NA;NA;NA;95,833;98,783;98,377;96,349;NA;NA;NA;NA;1;"";"partial";"c10 - 4qA_D4F104S1 - CLUHP4-201_exon1";NA;NA;NA
"8d8d8609-75f9-42af-97ac-2238257a0adf";NA;NA;NA;100;100;99,387;97,342;NA;NA;NA;NA;1;"";"partial";"end_5839bp - CLUHP4-201_exon1 - 4qA_D4F104S1 - c4";NA;NA;NA
"925597f6-e5b9-46df-8dbc-2fd4e8079067";NA;NA;NA;98,953;99,387;98,773;96,728;NA;NA;NA;NA;1;"";"partial";"end_6981bp - CLUHP4-201_exon1 - 4qA_D4F104S1 - c4";NA;NA;NA
"b950a570-99a9-4bed-8299-9b523befe521";NA;NA;NA;98,429;98,367;97,755;95,714;NA;NA;NA;NA;1;"";"partial";"end_9322bp - CLUHP4-201_exon1 - 4qA_D4F104S1 - c4";NA;NA;NA
"cd7aaaf6-a7bb-468c-a181-1130ac2e85a4";NA;NA;NA;100;100;99,387;97,342;NA;NA;NA;NA;1;"";"partial";"c4 - 4qA_D4F104S1 - CLUHP4-201_exon1";NA;NA;NA
"dbd5cd93-e549-4482-8500-02efc3aee1d1";NA;NA;NA;98,429;99,591;98,978;96,933;NA;NA;NA;NA;1;"";"partial";"end_10429bp - CLUHP4-201_exon1 - 4qA_D4F104S1 - c4";NA;NA;NA
"de859287-7ffb-44ea-a068-19131c2abd1d";NA;NA;NA;NA;NA;NA;NA;96,694;NA;95,455;NA;1;"S";"partial";"c4S - 4qA_pLAM";"ATTAAA";"4qA_PAS";NA
"e036a014-e771-4d64-bbe7-46ac856ab4e9";NA;NA;NA;NA;98,571;97,959;95,918;NA;NA;NA;NA;1;"";"partial";"4qA_D4F104S1 - c4";NA;NA;NA
"ee174e45-e5c8-4b4e-bdfd-7d0cea7f9f6e";NA;NA;NA;NA;NA;NA;NA;97,51;NA;96,266;NA;1;"S";"partial";"4qA_pLAM - c4S";"ATTAAA";"4qA_PAS";NA
"10f9a258-0b89-4cfb-809a-95b98089ed0e";NA;NA;NA;97,409;99,796;99,184;97,143;NA;NA;NA;NA;NA;"";"partial";"CLUHP4-201_exon1 - 4qA_D4F104S1";NA;NA;NA
"21c705bc-4ce3-4920-b195-adf2e4e81740";NA;NA;NA;98,953;99,387;98,773;96,728;NA;NA;NA;NA;NA;"";"partial";"4qA_D4F104S1 - CLUHP4-201_exon1";NA;NA;NA
"460cd329-5414-4f60-a68a-34c35bddf3b5";NA;NA;NA;100;100;99,559;97,357;NA;NA;NA;NA;NA;"";"partial";"CLUHP4-201_exon1 - 4qA_D4F104S1";NA;NA;NA
"66d760fd-8441-41ec-8d3a-bf9439c9d182";NA;NA;NA;NA;NA;NA;NA;98,34;NA;96,68;97,351;NA;"";"partial";"DUX4_end - 4qA_pLAM";"ATTAAA";"4qA_PAS";NA
"716a8891-6cd4-4a0f-a925-abea9210f09d";NA;NA;NA;NA;NA;NA;NA;99,17;NA;97,51;NA;NA;"";"partial";"4qA_pLAM";"ATTAAA";"4qA_PAS";NA
"7ff6b6aa-2989-414b-9312-de1d894caa2b";NA;NA;NA;NA;NA;NA;NA;86,475;NA;86,066;96,587;NA;"";"partial";"DUX4_end - 4qA_pLAM";"ATCAAA";"10qA_PAS";NA
"9586e1a5-6a2b-415a-a18e-450fc1eb0ead";NA;NA;NA;98,964;99,388;98,776;96,735;NA;NA;NA;NA;NA;"";"partial";"CLUHP4-201_exon1 - 4qA_D4F104S1";NA;NA;NA
"bb624c3d-d2cc-461d-82bd-caecfbd5bb04";NA;NA;NA;98,958;97,98;97,374;95,354;NA;NA;NA;NA;NA;"";"partial";"CLUHP4-201_exon1 - 4qA_D4F104S1";NA;NA;NA
"bcb72937-0255-40d5-b891-6d2eb4381c46";NA;NA;NA;NA;NA;NA;NA;96,266;NA;93,776;95,881;NA;"";"partial";"4qA_pLAM - DUX4_end";"ATTAAA";"4qA_PAS";NA
"dfbcd173-85a8-4b2a-b6d2-907168ae664b";NA;NA;NA;NA;NA;NA;NA;98,765;NA;97,119;98,497;NA;"";"partial";"4qA_pLAM - DUX4_end";"ATTAAA";"4qA_PAS";NA
"ec189e7b-33de-4967-8ab4-d73971b38df9";NA;NA;NA;NA;NA;NA;NA;93,443;NA;92,213;95,695;NA;"";"partial";"4qA_pLAM - DUX4_end";"ATTGAA";"PAS_disrupted";NA
"ec9090b6-ccca-4334-ab45-0f2700437218";NA;NA;NA;100;99,507;99,015;96,798;NA;NA;NA;NA;NA;"";"partial";"CLUHP4-201_exon1 - 4qA_D4F104S1";NA;NA;NA
"ed957137-3dbe-485e-90db-f613c3b362e5";NA;NA;NA;NA;NA;NA;NA;99,17;NA;97,51;99,336;NA;"";"partial";"DUX4_end - 4qA_pLAM";"ATTAAA";"4qA_PAS";NA
